ID Group,Group,ID Subgroup,Subgroup,ID Occupation,Occupation,ID Year,Year,ID State,State,Workforce by Occupation and Gender,Workforce by Occupation and Gender Moe,Geography,ID Geography,Slug Geography
2,"Sales & Office Occupations",6,"Sales & Office Occupations",18,"Office & Administrative Support Occupations",2018,"2018","04000US53","Washington",115032,5565.810812451318,"King County, WA","05000US53033","king-county-wa"
4,"Production, Transportation, & Material Moving Occupations",8,"Production, Transportation, & Material Moving Occupations",24,"Material Moving Occupations",2018,"2018","04000US53","Washington",27404,3072.3972724893506,"King County, WA","05000US53033","king-county-wa"
4,"Production, Transportation, & Material Moving Occupations",8,"Production, Transportation, & Material Moving Occupations",23,"Transportation Occupations",2018,"2018","04000US53","Washington",38320,3552.6723744246383,"King County, WA","05000US53033","king-county-wa"
0,"Management, Business, Science, & Arts Occupations",0,"Management, Business, & Financial Occupations",1,"Business & Financial Operations Occupations",2018,"2018","04000US53","Washington",99539,5235.137056467576,"King County, WA","05000US53033","king-county-wa"
4,"Production, Transportation, & Material Moving Occupations",8,"Production, Transportation, & Material Moving Occupations",22,"Production Occupations",2018,"2018","04000US53","Washington",41973,3779.8630927587847,"King County, WA","05000US53033","king-county-wa"
0,"Management, Business, Science, & Arts Occupations",1,"Computer, Engineering, & Science Occupations",2,"Computer & Mathematical Occupations",2018,"2018","04000US53","Washington",122553,4955.4838310703835,"King County, WA","05000US53033","king-county-wa"
3,"Natural Resources, Construction, & Maintenance Occupations",7,"Natural Resources, Construction, & Maintenance Occupations",21,"Installation, Maintenance, & Repair Occupations",2018,"2018","04000US53","Washington",19607,2158.594450099416,"King County, WA","05000US53033","king-county-wa"
0,"Management, Business, Science, & Arts Occupations",1,"Computer, Engineering, & Science Occupations",3,"Architecture & Engineering Occupations",2018,"2018","04000US53","Washington",40138,3446.2293887668006,"King County, WA","05000US53033","king-county-wa"
3,"Natural Resources, Construction, & Maintenance Occupations",7,"Natural Resources, Construction, & Maintenance Occupations",20,"Construction & Extraction Occupations",2018,"2018","04000US53","Washington",41443,3735.066933804534,"King County, WA","05000US53033","king-county-wa"
0,"Management, Business, Science, & Arts Occupations",1,"Computer, Engineering, & Science Occupations",4,"Life, Physical, & Social Science Occupations",2018,"2018","04000US53","Washington",19085,2349.418013040676,"King County, WA","05000US53033","king-county-wa"
3,"Natural Resources, Construction, & Maintenance Occupations",7,"Natural Resources, Construction, & Maintenance Occupations",19,"Farming, Fishing, & Forestry Occupations",2018,"2018","04000US53","Washington",2597,872.4608873754743,"King County, WA","05000US53033","king-county-wa"
0,"Management, Business, Science, & Arts Occupations",2,"Education, Legal, Community Service, Arts, & Media Occupations",5,"Community & Social Service Occupations",2018,"2018","04000US53","Washington",20333,2673.481812169292,"King County, WA","05000US53033","king-county-wa"
0,"Management, Business, Science, & Arts Occupations",0,"Management, Business, & Financial Occupations",0,"Management Occupations",2018,"2018","04000US53","Washington",166385,5953.435394795177,"King County, WA","05000US53033","king-county-wa"
0,"Management, Business, Science, & Arts Occupations",2,"Education, Legal, Community Service, Arts, & Media Occupations",6,"Legal Occupations",2018,"2018","04000US53","Washington",16481,2134.6222148192874,"King County, WA","05000US53033","king-county-wa"
2,"Sales & Office Occupations",6,"Sales & Office Occupations",17,"Sales & Related Occupations",2018,"2018","04000US53","Washington",112100,5606.172491103,"King County, WA","05000US53033","king-county-wa"
0,"Management, Business, Science, & Arts Occupations",2,"Education, Legal, Community Service, Arts, & Media Occupations",7,"Education Instruction, & Library Occupations",2018,"2018","04000US53","Washington",67859,4213.540553975955,"King County, WA","05000US53033","king-county-wa"
1,"Service Occupations",5,"Protective Service Occupations",13,"Law Enforcement Workers Including Supervisors",2018,"2018","04000US53","Washington",3240,798.00062656617,"King County, WA","05000US53033","king-county-wa"
0,"Management, Business, Science, & Arts Occupations",2,"Education, Legal, Community Service, Arts, & Media Occupations",8,"Arts, Design, Entertainment, Sports, & Media Occupations",2018,"2018","04000US53","Washington",37579,3211.528296621407,"King County, WA","05000US53033","king-county-wa"
1,"Service Occupations",5,"Protective Service Occupations",12,"Fire Fighting & Prevention, & Other Protective Service Workers Including Supervisors",2018,"2018","04000US53","Washington",10099,1846.3902621060367,"King County, WA","05000US53033","king-county-wa"
0,"Management, Business, Science, & Arts Occupations",3,"Healthcare Practitioners & Technical Occupations",9,"Health Diagnosing & Treating Practitioners & Other Technical Occupations",2018,"2018","04000US53","Washington",50574,3422.1689029035374,"King County, WA","05000US53033","king-county-wa"
1,"Service Occupations",4,"Service Occupations",16,"Personal Care & Service Occupations",2018,"2018","04000US53","Washington",35700,3444.0036294986685,"King County, WA","05000US53033","king-county-wa"
0,"Management, Business, Science, & Arts Occupations",3,"Healthcare Practitioners & Technical Occupations",10,"Health Technologists & Technicians",2018,"2018","04000US53","Washington",13875,1838.0435250559217,"King County, WA","05000US53033","king-county-wa"
1,"Service Occupations",4,"Service Occupations",15,"Building & Grounds Cleaning & Maintenance Occupations",2018,"2018","04000US53","Washington",32546,3474.307988650402,"King County, WA","05000US53033","king-county-wa"
1,"Service Occupations",4,"Service Occupations",11,"Healthcare Support Occupations",2018,"2018","04000US53","Washington",30697,2908.6740965601493,"King County, WA","05000US53033","king-county-wa"
1,"Service Occupations",4,"Service Occupations",14,"Food Preparation & Serving Related Occupations",2018,"2018","04000US53","Washington",68319,4928.645351412496,"King County, WA","05000US53033","king-county-wa"
4,"Production, Transportation, & Material Moving Occupations",8,"Production, Transportation, & Material Moving Occupations",24,"Material Moving Occupations",2017,"2017","04000US53","Washington",21889,3155.5110521118445,"King County, WA","05000US53033","king-county-wa"
0,"Management, Business, Science, & Arts Occupations",2,"Education, Legal, Community Service, Arts, & Media Occupations",6,"Legal Occupations",2017,"2017","04000US53","Washington",17092,2005.1857769294097,"King County, WA","05000US53033","king-county-wa"
3,"Natural Resources, Construction, & Maintenance Occupations",7,"Natural Resources, Construction, & Maintenance Occupations",21,"Installation, Maintenance, & Repair Occupations",2017,"2017","04000US53","Washington",21861,2530.512201116604,"King County, WA","05000US53033","king-county-wa"
0,"Management, Business, Science, & Arts Occupations",1,"Computer, Engineering, & Science Occupations",3,"Architecture & Engineering Occupations",2017,"2017","04000US53","Washington",39167,3237.0000000000005,"King County, WA","05000US53033","king-county-wa"
2,"Sales & Office Occupations",6,"Sales & Office Occupations",17,"Sales & Related Occupations",2017,"2017","04000US53","Washington",111746,4800.594338204385,"King County, WA","05000US53033","king-county-wa"
0,"Management, Business, Science, & Arts Occupations",2,"Education, Legal, Community Service, Arts, & Media Occupations",7,"Education Instruction, & Library Occupations",2017,"2017","04000US53","Washington",63535,3404.2590970723713,"King County, WA","05000US53033","king-county-wa"
1,"Service Occupations",4,"Service Occupations",14,"Food Preparation & Serving Related Occupations",2017,"2017","04000US53","Washington",68557,4662.97179918558,"King County, WA","05000US53033","king-county-wa"
0,"Management, Business, Science, & Arts Occupations",0,"Management, Business, & Financial Occupations",0,"Management Occupations",2017,"2017","04000US53","Washington",175386,6468.165273089425,"King County, WA","05000US53033","king-county-wa"
1,"Service Occupations",5,"Protective Service Occupations",13,"Law Enforcement Workers Including Supervisors",2017,"2017","04000US53","Washington",3834,1152.5385026106503,"King County, WA","05000US53033","king-county-wa"
0,"Management, Business, Science, & Arts Occupations",2,"Education, Legal, Community Service, Arts, & Media Occupations",8,"Arts, Design, Entertainment, Sports, & Media Occupations",2017,"2017","04000US53","Washington",39192,3399.7683744631777,"King County, WA","05000US53033","king-county-wa"
3,"Natural Resources, Construction, & Maintenance Occupations",7,"Natural Resources, Construction, & Maintenance Occupations",20,"Construction & Extraction Occupations",2017,"2017","04000US53","Washington",45322,3668.448173274361,"King County, WA","05000US53033","king-county-wa"
0,"Management, Business, Science, & Arts Occupations",1,"Computer, Engineering, & Science Occupations",4,"Life, Physical, & Social Science Occupations",2017,"2017","04000US53","Washington",14391,1870.822279106169,"King County, WA","05000US53033","king-county-wa"
1,"Service Occupations",5,"Protective Service Occupations",12,"Fire Fighting & Prevention, & Other Protective Service Workers Including Supervisors",2017,"2017","04000US53","Washington",8737,1579.721494441346,"King County, WA","05000US53033","king-county-wa"
0,"Management, Business, Science, & Arts Occupations",3,"Healthcare Practitioners & Technical Occupations",9,"Health Diagnosing & Treating Practitioners & Other Technical Occupations",2017,"2017","04000US53","Washington",48639,3823.217493159394,"King County, WA","05000US53033","king-county-wa"
4,"Production, Transportation, & Material Moving Occupations",8,"Production, Transportation, & Material Moving Occupations",22,"Production Occupations",2017,"2017","04000US53","Washington",42808,4051.7207455598423,"King County, WA","05000US53033","king-county-wa"
0,"Management, Business, Science, & Arts Occupations",1,"Computer, Engineering, & Science Occupations",2,"Computer & Mathematical Occupations",2017,"2017","04000US53","Washington",110970,5286.932002589026,"King County, WA","05000US53033","king-county-wa"
1,"Service Occupations",4,"Service Occupations",16,"Personal Care & Service Occupations",2017,"2017","04000US53","Washington",40133,3543.0807216319527,"King County, WA","05000US53033","king-county-wa"
0,"Management, Business, Science, & Arts Occupations",3,"Healthcare Practitioners & Technical Occupations",10,"Health Technologists & Technicians",2017,"2017","04000US53","Washington",13809,2000.3809637166614,"King County, WA","05000US53033","king-county-wa"
3,"Natural Resources, Construction, & Maintenance Occupations",7,"Natural Resources, Construction, & Maintenance Occupations",19,"Farming, Fishing, & Forestry Occupations",2017,"2017","04000US53","Washington",2342,972.9095538640784,"King County, WA","05000US53033","king-county-wa"
0,"Management, Business, Science, & Arts Occupations",2,"Education, Legal, Community Service, Arts, & Media Occupations",5,"Community & Social Service Occupations",2017,"2017","04000US53","Washington",19008,2240.1502181773435,"King County, WA","05000US53033","king-county-wa"
1,"Service Occupations",4,"Service Occupations",15,"Building & Grounds Cleaning & Maintenance Occupations",2017,"2017","04000US53","Washington",34070,3023.6362215054905,"King County, WA","05000US53033","king-county-wa"
1,"Service Occupations",4,"Service Occupations",11,"Healthcare Support Occupations",2017,"2017","04000US53","Washington",19048,2362.81209578756,"King County, WA","05000US53033","king-county-wa"
4,"Production, Transportation, & Material Moving Occupations",8,"Production, Transportation, & Material Moving Occupations",23,"Transportation Occupations",2017,"2017","04000US53","Washington",33676,3565.920918921226,"King County, WA","05000US53033","king-county-wa"
0,"Management, Business, Science, & Arts Occupations",0,"Management, Business, & Financial Occupations",1,"Business & Financial Operations Occupations",2017,"2017","04000US53","Washington",84032,4732.221993947452,"King County, WA","05000US53033","king-county-wa"
2,"Sales & Office Occupations",6,"Sales & Office Occupations",18,"Office & Administrative Support Occupations",2017,"2017","04000US53","Washington",120421,5926.004134321878,"King County, WA","05000US53033","king-county-wa"
0,"Management, Business, Science, & Arts Occupations",2,"Education, Legal, Community Service, Arts, & Media Occupations",5,"Community & Social Service Occupations",2016,"2016","04000US53","Washington",16785,1819.0222648444962,"King County, WA","05000US53033","king-county-wa"
0,"Management, Business, Science, & Arts Occupations",2,"Education, Legal, Community Service, Arts, & Media Occupations",8,"Arts, Design, Entertainment, Sports, & Media Occupations",2016,"2016","04000US53","Washington",37732,3029.9102296932824,"King County, WA","05000US53033","king-county-wa"
0,"Management, Business, Science, & Arts Occupations",0,"Management, Business, & Financial Occupations",1,"Business & Financial Operations Occupations",2016,"2016","04000US53","Washington",80479,4449.773252650071,"King County, WA","05000US53033","king-county-wa"
0,"Management, Business, Science, & Arts Occupations",1,"Computer, Engineering, & Science Occupations",2,"Computer & Mathematical Occupations",2016,"2016","04000US53","Washington",102573,5550.148286307312,"King County, WA","05000US53033","king-county-wa"
1,"Service Occupations",5,"Protective Service Occupations",13,"Law Enforcement Workers Including Supervisors",2016,"2016","04000US53","Washington",2869,866.0975695613052,"King County, WA","05000US53033","king-county-wa"
3,"Natural Resources, Construction, & Maintenance Occupations",7,"Natural Resources, Construction, & Maintenance Occupations",19,"Farming, Fishing, & Forestry Occupations",2016,"2016","04000US53","Washington",3250,1023.9472642670618,"King County, WA","05000US53033","king-county-wa"
3,"Natural Resources, Construction, & Maintenance Occupations",7,"Natural Resources, Construction, & Maintenance Occupations",21,"Installation, Maintenance, & Repair Occupations",2016,"2016","04000US53","Washington",24507,2616.046635669938,"King County, WA","05000US53033","king-county-wa"
0,"Management, Business, Science, & Arts Occupations",3,"Healthcare Practitioners & Technical Occupations",9,"Health Diagnosing & Treating Practitioners & Other Technical Occupations",2016,"2016","04000US53","Washington",48853,3434.824595230447,"King County, WA","05000US53033","king-county-wa"
4,"Production, Transportation, & Material Moving Occupations",8,"Production, Transportation, & Material Moving Occupations",24,"Material Moving Occupations",2016,"2016","04000US53","Washington",23183,3026.0951736520115,"King County, WA","05000US53033","king-county-wa"
0,"Management, Business, Science, & Arts Occupations",2,"Education, Legal, Community Service, Arts, & Media Occupations",6,"Legal Occupations",2016,"2016","04000US53","Washington",18329,2068.9963750572406,"King County, WA","05000US53033","king-county-wa"
1,"Service Occupations",5,"Protective Service Occupations",12,"Fire Fighting & Prevention, & Other Protective Service Workers Including Supervisors",2016,"2016","04000US53","Washington",9044,1607.3512372844962,"King County, WA","05000US53033","king-county-wa"
1,"Service Occupations",4,"Service Occupations",14,"Food Preparation & Serving Related Occupations",2016,"2016","04000US53","Washington",64613,5192.03245367361,"King County, WA","05000US53033","king-county-wa"
0,"Management, Business, Science, & Arts Occupations",1,"Computer, Engineering, & Science Occupations",4,"Life, Physical, & Social Science Occupations",2016,"2016","04000US53","Washington",15529,1892.2077053008743,"King County, WA","05000US53033","king-county-wa"
0,"Management, Business, Science, & Arts Occupations",3,"Healthcare Practitioners & Technical Occupations",10,"Health Technologists & Technicians",2016,"2016","04000US53","Washington",14172,1881.600382653022,"King County, WA","05000US53033","king-county-wa"
2,"Sales & Office Occupations",6,"Sales & Office Occupations",18,"Office & Administrative Support Occupations",2016,"2016","04000US53","Washington",118869,5360.570865122482,"King County, WA","05000US53033","king-county-wa"
4,"Production, Transportation, & Material Moving Occupations",8,"Production, Transportation, & Material Moving Occupations",22,"Production Occupations",2016,"2016","04000US53","Washington",45569,3364.116525924748,"King County, WA","05000US53033","king-county-wa"
1,"Service Occupations",4,"Service Occupations",16,"Personal Care & Service Occupations",2016,"2016","04000US53","Washington",46961,4017.617453167984,"King County, WA","05000US53033","king-county-wa"
4,"Production, Transportation, & Material Moving Occupations",8,"Production, Transportation, & Material Moving Occupations",23,"Transportation Occupations",2016,"2016","04000US53","Washington",33666,3093.6342705626985,"King County, WA","05000US53033","king-county-wa"
0,"Management, Business, Science, & Arts Occupations",2,"Education, Legal, Community Service, Arts, & Media Occupations",7,"Education Instruction, & Library Occupations",2016,"2016","04000US53","Washington",62033,4339.995506910117,"King County, WA","05000US53033","king-county-wa"
1,"Service Occupations",4,"Service Occupations",11,"Healthcare Support Occupations",2016,"2016","04000US53","Washington",18346,2210.6637012444926,"King County, WA","05000US53033","king-county-wa"
3,"Natural Resources, Construction, & Maintenance Occupations",7,"Natural Resources, Construction, & Maintenance Occupations",20,"Construction & Extraction Occupations",2016,"2016","04000US53","Washington",37197,3387.57981455788,"King County, WA","05000US53033","king-county-wa"
0,"Management, Business, Science, & Arts Occupations",0,"Management, Business, & Financial Occupations",0,"Management Occupations",2016,"2016","04000US53","Washington",169495,6303.80868999052,"King County, WA","05000US53033","king-county-wa"
1,"Service Occupations",4,"Service Occupations",15,"Building & Grounds Cleaning & Maintenance Occupations",2016,"2016","04000US53","Washington",33108,3231.4128488944275,"King County, WA","05000US53033","king-county-wa"
2,"Sales & Office Occupations",6,"Sales & Office Occupations",17,"Sales & Related Occupations",2016,"2016","04000US53","Washington",101578,4802.093710039403,"King County, WA","05000US53033","king-county-wa"
0,"Management, Business, Science, & Arts Occupations",1,"Computer, Engineering, & Science Occupations",3,"Architecture & Engineering Occupations",2016,"2016","04000US53","Washington",43494,3081.0616676723625,"King County, WA","05000US53033","king-county-wa"
0,"Management, Business, Science, & Arts Occupations",2,"Education, Legal, Community Service, Arts, & Media Occupations",8,"Arts, Design, Entertainment, Sports, & Media Occupations",2015,"2015","04000US53","Washington",36180,2985.4822056076637,"King County, WA","05000US53033","king-county-wa"
0,"Management, Business, Science, & Arts Occupations",2,"Education, Legal, Community Service, Arts, & Media Occupations",6,"Legal Occupations",2015,"2015","04000US53","Washington",19169,2144.8505775461376,"King County, WA","05000US53033","king-county-wa"
1,"Service Occupations",4,"Service Occupations",15,"Building & Grounds Cleaning & Maintenance Occupations",2015,"2015","04000US53","Washington",30855,2852.80511076379,"King County, WA","05000US53033","king-county-wa"
4,"Production, Transportation, & Material Moving Occupations",8,"Production, Transportation, & Material Moving Occupations",24,"Material Moving Occupations",2015,"2015","04000US53","Washington",20323,2631.7879853818013,"King County, WA","05000US53033","king-county-wa"
1,"Service Occupations",4,"Service Occupations",11,"Healthcare Support Occupations",2015,"2015","04000US53","Washington",21696,2493.657755186144,"King County, WA","05000US53033","king-county-wa"
1,"Service Occupations",4,"Service Occupations",16,"Personal Care & Service Occupations",2015,"2015","04000US53","Washington",43004,3339.7763398167845,"King County, WA","05000US53033","king-county-wa"
0,"Management, Business, Science, & Arts Occupations",3,"Healthcare Practitioners & Technical Occupations",10,"Health Technologists & Technicians",2015,"2015","04000US53","Washington",12559,1569.2373944053209,"King County, WA","05000US53033","king-county-wa"
0,"Management, Business, Science, & Arts Occupations",0,"Management, Business, & Financial Occupations",1,"Business & Financial Operations Occupations",2015,"2015","04000US53","Washington",74189,4672.789423888049,"King County, WA","05000US53033","king-county-wa"
1,"Service Occupations",5,"Protective Service Occupations",12,"Fire Fighting & Prevention, & Other Protective Service Workers Including Supervisors",2015,"2015","04000US53","Washington",7248,1361.0014695069212,"King County, WA","05000US53033","king-county-wa"
4,"Production, Transportation, & Material Moving Occupations",8,"Production, Transportation, & Material Moving Occupations",23,"Transportation Occupations",2015,"2015","04000US53","Washington",34288,3069.613982245976,"King County, WA","05000US53033","king-county-wa"
0,"Management, Business, Science, & Arts Occupations",3,"Healthcare Practitioners & Technical Occupations",9,"Health Diagnosing & Treating Practitioners & Other Technical Occupations",2015,"2015","04000US53","Washington",47123,3521.383818898474,"King County, WA","05000US53033","king-county-wa"
1,"Service Occupations",5,"Protective Service Occupations",13,"Law Enforcement Workers Including Supervisors",2015,"2015","04000US53","Washington",3799,1036.5080800456888,"King County, WA","05000US53033","king-county-wa"
0,"Management, Business, Science, & Arts Occupations",0,"Management, Business, & Financial Occupations",0,"Management Occupations",2015,"2015","04000US53","Washington",163942,6446.798662902386,"King County, WA","05000US53033","king-county-wa"
0,"Management, Business, Science, & Arts Occupations",1,"Computer, Engineering, & Science Occupations",2,"Computer & Mathematical Occupations",2015,"2015","04000US53","Washington",98343,4734.650673492185,"King County, WA","05000US53033","king-county-wa"
2,"Sales & Office Occupations",6,"Sales & Office Occupations",17,"Sales & Related Occupations",2015,"2015","04000US53","Washington",106718,5362.823603289596,"King County, WA","05000US53033","king-county-wa"
4,"Production, Transportation, & Material Moving Occupations",8,"Production, Transportation, & Material Moving Occupations",22,"Production Occupations",2015,"2015","04000US53","Washington",43168,3499.963714097619,"King County, WA","05000US53033","king-county-wa"
0,"Management, Business, Science, & Arts Occupations",2,"Education, Legal, Community Service, Arts, & Media Occupations",7,"Education Instruction, & Library Occupations",2015,"2015","04000US53","Washington",61730,4048.3606558704723,"King County, WA","05000US53033","king-county-wa"
2,"Sales & Office Occupations",6,"Sales & Office Occupations",18,"Office & Administrative Support Occupations",2015,"2015","04000US53","Washington",119818,5541.400725448395,"King County, WA","05000US53033","king-county-wa"
1,"Service Occupations",4,"Service Occupations",14,"Food Preparation & Serving Related Occupations",2015,"2015","04000US53","Washington",59506,4479.331758197868,"King County, WA","05000US53033","king-county-wa"
0,"Management, Business, Science, & Arts Occupations",1,"Computer, Engineering, & Science Occupations",3,"Architecture & Engineering Occupations",2015,"2015","04000US53","Washington",35763,3061.269017907443,"King County, WA","05000US53033","king-county-wa"
3,"Natural Resources, Construction, & Maintenance Occupations",7,"Natural Resources, Construction, & Maintenance Occupations",19,"Farming, Fishing, & Forestry Occupations",2015,"2015","04000US53","Washington",3526,1116.4107666983512,"King County, WA","05000US53033","king-county-wa"
3,"Natural Resources, Construction, & Maintenance Occupations",7,"Natural Resources, Construction, & Maintenance Occupations",21,"Installation, Maintenance, & Repair Occupations",2015,"2015","04000US53","Washington",22981,2417.1828644105517,"King County, WA","05000US53033","king-county-wa"
0,"Management, Business, Science, & Arts Occupations",2,"Education, Legal, Community Service, Arts, & Media Occupations",5,"Community & Social Service Occupations",2015,"2015","04000US53","Washington",16294,2113.261933599335,"King County, WA","05000US53033","king-county-wa"
3,"Natural Resources, Construction, & Maintenance Occupations",7,"Natural Resources, Construction, & Maintenance Occupations",20,"Construction & Extraction Occupations",2015,"2015","04000US53","Washington",38284,3477.387668926201,"King County, WA","05000US53033","king-county-wa"
0,"Management, Business, Science, & Arts Occupations",1,"Computer, Engineering, & Science Occupations",4,"Life, Physical, & Social Science Occupations",2015,"2015","04000US53","Washington",15626,1967.183773824906,"King County, WA","05000US53033","king-county-wa"
0,"Management, Business, Science, & Arts Occupations",0,"Management, Business, & Financial Occupations",1,"Business & Financial Operations Occupations",2014,"2014","04000US53","Washington",76093,3982.248234352048,"King County, WA","05000US53033","king-county-wa"
0,"Management, Business, Science, & Arts Occupations",2,"Education, Legal, Community Service, Arts, & Media Occupations",8,"Arts, Design, Entertainment, Sports, & Media Occupations",2014,"2014","04000US53","Washington",35094,3197.651638312091,"King County, WA","05000US53033","king-county-wa"
0,"Management, Business, Science, & Arts Occupations",0,"Management, Business, & Financial Occupations",0,"Management Occupations",2014,"2014","04000US53","Washington",148479,5167.422955400496,"King County, WA","05000US53033","king-county-wa"
2,"Sales & Office Occupations",6,"Sales & Office Occupations",17,"Sales & Related Occupations",2014,"2014","04000US53","Washington",107608,5015.672736532956,"King County, WA","05000US53033","king-county-wa"
0,"Management, Business, Science, & Arts Occupations",3,"Healthcare Practitioners & Technical Occupations",10,"Health Technologists & Technicians",2014,"2014","04000US53","Washington",15658,2331.002359501165,"King County, WA","05000US53033","king-county-wa"
1,"Service Occupations",4,"Service Occupations",15,"Building & Grounds Cleaning & Maintenance Occupations",2014,"2014","04000US53","Washington",36146,3424.991094878934,"King County, WA","05000US53033","king-county-wa"
1,"Service Occupations",5,"Protective Service Occupations",12,"Fire Fighting & Prevention, & Other Protective Service Workers Including Supervisors",2014,"2014","04000US53","Washington",11356,1824.599134056574,"King County, WA","05000US53033","king-county-wa"
0,"Management, Business, Science, & Arts Occupations",2,"Education, Legal, Community Service, Arts, & Media Occupations",7,"Education Instruction, & Library Occupations",2014,"2014","04000US53","Washington",57003,3472.477501726973,"King County, WA","05000US53033","king-county-wa"
4,"Production, Transportation, & Material Moving Occupations",8,"Production, Transportation, & Material Moving Occupations",22,"Production Occupations",2014,"2014","04000US53","Washington",42192,3507.715210788926,"King County, WA","05000US53033","king-county-wa"
2,"Sales & Office Occupations",6,"Sales & Office Occupations",18,"Office & Administrative Support Occupations",2014,"2014","04000US53","Washington",118361,5048.808572326743,"King County, WA","05000US53033","king-county-wa"
1,"Service Occupations",4,"Service Occupations",11,"Healthcare Support Occupations",2014,"2014","04000US53","Washington",17669,2097.230554803167,"King County, WA","05000US53033","king-county-wa"
0,"Management, Business, Science, & Arts Occupations",1,"Computer, Engineering, & Science Occupations",3,"Architecture & Engineering Occupations",2014,"2014","04000US53","Washington",33732,3017.081536849808,"King County, WA","05000US53033","king-county-wa"
4,"Production, Transportation, & Material Moving Occupations",8,"Production, Transportation, & Material Moving Occupations",24,"Material Moving Occupations",2014,"2014","04000US53","Washington",21132,2582.8205512578684,"King County, WA","05000US53033","king-county-wa"
0,"Management, Business, Science, & Arts Occupations",2,"Education, Legal, Community Service, Arts, & Media Occupations",6,"Legal Occupations",2014,"2014","04000US53","Washington",18264,2071.958011157562,"King County, WA","05000US53033","king-county-wa"
1,"Service Occupations",4,"Service Occupations",16,"Personal Care & Service Occupations",2014,"2014","04000US53","Washington",44064,3505.4912637175403,"King County, WA","05000US53033","king-county-wa"
3,"Natural Resources, Construction, & Maintenance Occupations",7,"Natural Resources, Construction, & Maintenance Occupations",19,"Farming, Fishing, & Forestry Occupations",2014,"2014","04000US53","Washington",3763,1077.9726341609976,"King County, WA","05000US53033","king-county-wa"
0,"Management, Business, Science, & Arts Occupations",3,"Healthcare Practitioners & Technical Occupations",9,"Health Diagnosing & Treating Practitioners & Other Technical Occupations",2014,"2014","04000US53","Washington",41845,3098.4423506013472,"King County, WA","05000US53033","king-county-wa"
4,"Production, Transportation, & Material Moving Occupations",8,"Production, Transportation, & Material Moving Occupations",23,"Transportation Occupations",2014,"2014","04000US53","Washington",32915,3057.824389987103,"King County, WA","05000US53033","king-county-wa"
1,"Service Occupations",5,"Protective Service Occupations",13,"Law Enforcement Workers Including Supervisors",2014,"2014","04000US53","Washington",4402,1154.9562762286719,"King County, WA","05000US53033","king-county-wa"
0,"Management, Business, Science, & Arts Occupations",2,"Education, Legal, Community Service, Arts, & Media Occupations",5,"Community & Social Service Occupations",2014,"2014","04000US53","Washington",17591,2053.089379447471,"King County, WA","05000US53033","king-county-wa"
3,"Natural Resources, Construction, & Maintenance Occupations",7,"Natural Resources, Construction, & Maintenance Occupations",21,"Installation, Maintenance, & Repair Occupations",2014,"2014","04000US53","Washington",20310,2441.980548653081,"King County, WA","05000US53033","king-county-wa"
3,"Natural Resources, Construction, & Maintenance Occupations",7,"Natural Resources, Construction, & Maintenance Occupations",20,"Construction & Extraction Occupations",2014,"2014","04000US53","Washington",34653,3015.692291995322,"King County, WA","05000US53033","king-county-wa"
1,"Service Occupations",4,"Service Occupations",14,"Food Preparation & Serving Related Occupations",2014,"2014","04000US53","Washington",63779,5338.311811799682,"King County, WA","05000US53033","king-county-wa"
0,"Management, Business, Science, & Arts Occupations",1,"Computer, Engineering, & Science Occupations",4,"Life, Physical, & Social Science Occupations",2014,"2014","04000US53","Washington",13962,1819.803560827377,"King County, WA","05000US53033","king-county-wa"
0,"Management, Business, Science, & Arts Occupations",1,"Computer, Engineering, & Science Occupations",2,"Computer & Mathematical Occupations",2014,"2014","04000US53","Washington",91123,4823.665100315319,"King County, WA","05000US53033","king-county-wa"
0,"Management, Business, Science, & Arts Occupations",3,"Healthcare Practitioners & Technical Occupations",9,"Health Diagnosing & Treating Practitioners & Other Technical Occupations",2013,"2013","04000US53","Washington",41213,2946.1882153046504,"King County, WA","05000US53033","king-county-wa"
0,"Management, Business, Science, & Arts Occupations",2,"Education, Legal, Community Service, Arts, & Media Occupations",5,"Community & Social Service Occupations",2013,"2013","04000US53","Washington",16530,2222.544712711085,"King County, WA","05000US53033","king-county-wa"
3,"Natural Resources, Construction, & Maintenance Occupations",7,"Natural Resources, Construction, & Maintenance Occupations",20,"Construction & Extraction Occupations",2013,"2013","04000US53","Washington",34609,3233.394655775877,"King County, WA","05000US53033","king-county-wa"
0,"Management, Business, Science, & Arts Occupations",2,"Education, Legal, Community Service, Arts, & Media Occupations",6,"Legal Occupations",2013,"2013","04000US53","Washington",17075,2084.497541375379,"King County, WA","05000US53033","king-county-wa"
0,"Management, Business, Science, & Arts Occupations",1,"Computer, Engineering, & Science Occupations",4,"Life, Physical, & Social Science Occupations",2013,"2013","04000US53","Washington",13605,1832.185853018192,"King County, WA","05000US53033","king-county-wa"
3,"Natural Resources, Construction, & Maintenance Occupations",7,"Natural Resources, Construction, & Maintenance Occupations",19,"Farming, Fishing, & Forestry Occupations",2013,"2013","04000US53","Washington",3185,1124.7977595994757,"King County, WA","05000US53033","king-county-wa"
0,"Management, Business, Science, & Arts Occupations",2,"Education, Legal, Community Service, Arts, & Media Occupations",7,"Education Instruction, & Library Occupations",2013,"2013","04000US53","Washington",55844,3588.5168245390737,"King County, WA","05000US53033","king-county-wa"
4,"Production, Transportation, & Material Moving Occupations",8,"Production, Transportation, & Material Moving Occupations",22,"Production Occupations",2013,"2013","04000US53","Washington",46123,3548.010287470993,"King County, WA","05000US53033","king-county-wa"
2,"Sales & Office Occupations",6,"Sales & Office Occupations",18,"Office & Administrative Support Occupations",2013,"2013","04000US53","Washington",120588,5233.198734999465,"King County, WA","05000US53033","king-county-wa"
0,"Management, Business, Science, & Arts Occupations",2,"Education, Legal, Community Service, Arts, & Media Occupations",8,"Arts, Design, Entertainment, Sports, & Media Occupations",2013,"2013","04000US53","Washington",31811,3038.936162541095,"King County, WA","05000US53033","king-county-wa"
0,"Management, Business, Science, & Arts Occupations",1,"Computer, Engineering, & Science Occupations",3,"Architecture & Engineering Occupations",2013,"2013","04000US53","Washington",33651,2853.6714947589885,"King County, WA","05000US53033","king-county-wa"
2,"Sales & Office Occupations",6,"Sales & Office Occupations",17,"Sales & Related Occupations",2013,"2013","04000US53","Washington",108205,6387.961255361525,"King County, WA","05000US53033","king-county-wa"
3,"Natural Resources, Construction, & Maintenance Occupations",7,"Natural Resources, Construction, & Maintenance Occupations",21,"Installation, Maintenance, & Repair Occupations",2013,"2013","04000US53","Washington",22367,2847.426381840275,"King County, WA","05000US53033","king-county-wa"
4,"Production, Transportation, & Material Moving Occupations",8,"Production, Transportation, & Material Moving Occupations",23,"Transportation Occupations",2013,"2013","04000US53","Washington",28405,2987.478702852959,"King County, WA","05000US53033","king-county-wa"
1,"Service Occupations",5,"Protective Service Occupations",13,"Law Enforcement Workers Including Supervisors",2013,"2013","04000US53","Washington",4422,1068.6351107838448,"King County, WA","05000US53033","king-county-wa"
0,"Management, Business, Science, & Arts Occupations",3,"Healthcare Practitioners & Technical Occupations",10,"Health Technologists & Technicians",2013,"2013","04000US53","Washington",11415,1955.1964095711712,"King County, WA","05000US53033","king-county-wa"
0,"Management, Business, Science, & Arts Occupations",1,"Computer, Engineering, & Science Occupations",2,"Computer & Mathematical Occupations",2013,"2013","04000US53","Washington",85308,4439.105427898733,"King County, WA","05000US53033","king-county-wa"
1,"Service Occupations",5,"Protective Service Occupations",12,"Fire Fighting & Prevention, & Other Protective Service Workers Including Supervisors",2013,"2013","04000US53","Washington",8255,1664.9708706160598,"King County, WA","05000US53033","king-county-wa"
1,"Service Occupations",4,"Service Occupations",11,"Healthcare Support Occupations",2013,"2013","04000US53","Washington",18662,2202.1503127625056,"King County, WA","05000US53033","king-county-wa"
4,"Production, Transportation, & Material Moving Occupations",8,"Production, Transportation, & Material Moving Occupations",24,"Material Moving Occupations",2013,"2013","04000US53","Washington",19256,2240.2868119952855,"King County, WA","05000US53033","king-county-wa"
1,"Service Occupations",4,"Service Occupations",16,"Personal Care & Service Occupations",2013,"2013","04000US53","Washington",41702,3478.409119123281,"King County, WA","05000US53033","king-county-wa"
1,"Service Occupations",4,"Service Occupations",14,"Food Preparation & Serving Related Occupations",2013,"2013","04000US53","Washington",63142,4706.788820416739,"King County, WA","05000US53033","king-county-wa"
0,"Management, Business, Science, & Arts Occupations",0,"Management, Business, & Financial Occupations",1,"Business & Financial Operations Occupations",2013,"2013","04000US53","Washington",72222,4363.590379492558,"King County, WA","05000US53033","king-county-wa"
1,"Service Occupations",4,"Service Occupations",15,"Building & Grounds Cleaning & Maintenance Occupations",2013,"2013","04000US53","Washington",32197,3117.710858947635,"King County, WA","05000US53033","king-county-wa"
0,"Management, Business, Science, & Arts Occupations",0,"Management, Business, & Financial Occupations",0,"Management Occupations",2013,"2013","04000US53","Washington",138317,6201.152473532641,"King County, WA","05000US53033","king-county-wa"